{
    "name": "combat-tracker-images",
    "title": "PF2e Combat Tracker Images",
    "description": "Replace the token images in the combat tracker with a specified image for each described actor.",
    "author": "Mark Pearce",
    "version": "1.0.1",
    "minimumCoreVersion": "9.0",
    "compatibleCoreVersion": "9.0",
    "system": ["pf2e"],
    "esmodules": [
        "scripts/init.js"
    ],
    "packs": [
	{
             "name": "combat-tracker-images-macros",
            "label": "Combat Tracker Images Macros",
            "path": "./packs/combat-tracker-images-macros.db",
            "entity": "Macro",
            "type": "Macro"
        }
    ],
    "socket": true,
    "url": "https://github.com/MarkPearce/combat-tracker-images",
    "manifest": "https://github.com/MarkPearce/combat-tracker-images/releases/latest/download/module.json",
    "download": "https://github.com/MarkPearce/combat-tracker-images/releases/latest/download/combat-tracker-images.zip"
}