{
  "id": "combat-tracker-images",
  "title": "Combat Tracker Images",
  "description": "Replace the token images in the combat tracker with a specified image for each described actor.",
  "version": "2.0.0",
  "compatibility": {
    "minimum": 10,
    "verified": 10
  },
  "authors": [{ "name": "Mark Pearce", "discord": "Mark Pearce#2772" }],
  "esmodules": ["scripts/init.js"],
  "packs": [
    {
      "name": "combat-tracker-images-macros",
      "label": "Combat Tracker Images Macros",
      "path": "./packs/combat-tracker-images-macros.db",
      "entity": "Macro",
      "type": "Macro"
    }
  ],
  "socket": true,
  "url": "https://github.com/MarkPearce/combat-tracker-images",
  "manifest": "https://github.com/MarkPearce/combat-tracker-images/releases/latest/download/module.json",
  "download": "https://github.com/MarkPearce/combat-tracker-images/releases/latest/download/combat-tracker-images.zip"
}
